First Name,Last Name,Email,Phone,Gender,Age,Job Title,Years Of Experience,Salary,Department
Jose,Lopez,joselopez0944@slingacademy.com,+1-971-533-4552x1542,male,25,Project Manager,1,8500,Product
Diane,Carter,dianecarter1228@slingacademy.com,881.633.0107,female,26,Machine Learning Engineer,2,7000,Product
Shawn,Foster,shawnfoster2695@slingacademy.com,001-966-861-0065x493,male,37,Project Manager,14,17000,Product
Brenda,Fisher,brendafisher3185@slingacademy.com,001-574-564-4648,female,31,Web Developer,8,10000,Product
Sean,Hunter,seanhunter4753@slingacademy.com,5838355842,male,35,Project Manager,11,14500,Product
Joshua,Jacobs,joshuajacobs5904@slingacademy.com,053-913-2609,male,28,Project Manager,3,10500,Product
Brianna,Marshall,briannamarshall6438@slingacademy.com,701-932-8553,female,33,Machine Learning Engineer,10,11000,Product
John,Tate,johntate7881@slingacademy.com,001-889-992-5260x62725,male,33,Mobile Developer,10,11000,Product
Jillian,Byrd,jillianbyrd8170@slingacademy.com,077-635-0084x1647,female,34,Web Developer,10,11000,Product
Melanie,Sharp,melaniesharp9256@slingacademy.com,(848)212-0230,female,41,Web Developer,15,14500,Product
Brandy,Mckee,brandymckee10500@slingacademy.com,001-085-315-6112x464,female,37,Web Developer,14,14000,Product
Robert,Simpson,robertsimpson11778@slingacademy.com,496-469-5331x659,male,36,DevOps Engineer,12,15000,Product
George,Mckenzie,georgemckenzie12384@slingacademy.com,(843)416-2489,male,28,Machine Learning Engineer,4,10000,Product
Joseph,Smith,josephsmith13724@slingacademy.com,-4775,male,40,Machine Learning Engineer,14,14000,Product
Dana,Crawford,danacrawford14310@slingacademy.com,(848)716-0019x0240,female,32,Project Manager,8,12000,Product
Christopher,Benson,christopherbenson15937@slingacademy.com,+1-368-801-2914x8616,male,29,Web Developer,5,7500,Product
Nicole,Smith,nicolesmith16360@slingacademy.com,289.372.5080x2156,female,26,Designer,4,10000,Product
Peter,Jimenez,peterjimenez17791@slingacademy.com,001-535-827-3787x317,male,28,Mobile Developer,3,6500,Product
Sergio,Boyle,sergioboyle18425@slingacademy.com,3027626274,male,31,Tester,6,9000,Product
Brianna,Moss,briannamoss19517@slingacademy.com,+1-529-287-4857x163,female,31,Designer,5,10500,Product
Taylor,Garner,taylorgarner20196@slingacademy.com,931-244-1612x38767,female,32,Machine Learning Engineer,6,11000,Product
Michael,Padilla,michaelpadilla21381@slingacademy.com,(787)446-1738,male,29,Tester,5,9500,Product
Yvette,Walker,yvettewalker22744@slingacademy.com,154-489-0248,female,26,Designer,2,7000,Product
Kristina,Pena,kristinapena23750@slingacademy.com,+1-099-174-5458x294,female,34,DevOps Engineer,11,12500,Product
Vanessa,Reynolds,vanessareynolds24710@slingacademy.com,+1-357-911-9617x44729,female,36,Machine Learning Engineer,10,13000,Product
Robert,Suarez,robertsuarez25924@slingacademy.com,+1-121-053-2698x314,male,33,Tester,9,9500,Product
Tammy,Ellis,tammyellis26570@slingacademy.com,029.476.5817x88014,female,37,HR Manager,14,14000,Human Resource
Rodney,Porter,rodneyporter27496@slingacademy.com,-5520,male,28,DevOps Engineer,3,9500,Product
David,Reyes,davidreyes28592@slingacademy.com,(725)355-0896x3876,male,25,Designer,2,7000,Product
Brian,Kirby,briankirby29574@slingacademy.com,458.110.0220x9710,male,31,Machine Learning Engineer,8,10000,Product
Tammy,Walker,tammywalker30386@slingacademy.com,+1-810-034-9706x602,female,31,Web Developer,7,8500,Product
Angela,Stewart,angelastewart31951@slingacademy.com,745-157-5520,female,34,HR Manager,10,10000,Human Resource
Susan,Parker,susanparker32865@slingacademy.com,255.599.0102,female,25,DevOps Engineer,3,8500,Product
Robert,Hogan,roberthogan33599@slingacademy.com,1138662041,male,24,Tester,2,7000,Product
Dawn,Pham,dawnpham34908@slingacademy.com,(106)836-9118x102,female,27,Designer,4,9000,Product
Karen,Duke,karenduke35869@slingacademy.com,622.245.2756,female,29,DevOps Engineer,6,11000,Product
Julian,Thompson,julianthompson36437@slingacademy.com,392.181.9671x23227,male,28,Machine Learning Engineer,4,7000,Product
Daisy,Perry,daisyperry37789@slingacademy.com,+1-921-685-9612x0086,female,30,Tester,5,9500,Product
Sarah,Smith,sarahsmith38793@slingacademy.com,(110)771-1347x58805,female,24,Machine Learning Engineer,2,6000,Product
