[
        {
            "id":1,
            "first_name":"Jose",
            "last_name":"Lopez",
            "email":"joselopez0944@slingacademy.com",
            "phone":"+1-971-533-4552x1542",
            "gender":"male",
            "age":25,
            "job_title":"Project Manager",
            "years_of_experience":1,
            "salary":8500,
            "department":"Product"
        },
        {
            "id":2,
            "first_name":"Diane",
            "last_name":"Carter",
            "email":"dianecarter1228@slingacademy.com",
            "phone":"881.633.0107",
            "gender":"female",
            "age":26,
            "job_title":"Machine Learning Engineer",
            "years_of_experience":2,
            "salary":7000,
            "department":"Product"
        },
        {
            "id":3,
            "first_name":"Shawn",
            "last_name":"Foster",
            "email":"shawnfoster2695@slingacademy.com",
            "phone":"001-966-861-0065x493",
            "gender":"male",
            "age":37,
            "job_title":"Project Manager",
            "years_of_experience":14,
            "salary":17000,
            "department":"Product"
        },
        {
            "id":4,
            "first_name":"Brenda",
            "last_name":"Fisher",
            "email":"brendafisher3185@slingacademy.com",
            "phone":"001-574-564-4648",
            "gender":"female",
            "age":31,
            "job_title":"Web Developer",
            "years_of_experience":8,
            "salary":10000,
            "department":"Product"
        },
        {
            "id":5,
            "first_name":"Sean",
            "last_name":"Hunter",
            "email":"seanhunter4753@slingacademy.com",
            "phone":"5838355842",
            "gender":"male",
            "age":35,
            "job_title":"Project Manager",
            "years_of_experience":11,
            "salary":14500,
            "department":"Product"
        },
        {
            "id":6,
            "first_name":"Joshua",
            "last_name":"Jacobs",
            "email":"joshuajacobs5904@slingacademy.com",
            "phone":"053-913-2609",
            "gender":"male",
            "age":28,
            "job_title":"Project Manager",
            "years_of_experience":3,
            "salary":10500,
            "department":"Product"
        },
        {
            "id":7,
            "first_name":"Brianna",
            "last_name":"Marshall",
            "email":"briannamarshall6438@slingacademy.com",
            "phone":"701-932-8553",
            "gender":"female",
            "age":33,
            "job_title":"Machine Learning Engineer",
            "years_of_experience":10,
            "salary":11000,
            "department":"Product"
        },
        {
            "id":8,
            "first_name":"John",
            "last_name":"Tate",
            "email":"johntate7881@slingacademy.com",
            "phone":"001-889-992-5260x62725",
            "gender":"male",
            "age":33,
            "job_title":"Mobile Developer",
            "years_of_experience":10,
            "salary":11000,
            "department":"Product"
        },
        {
            "id":9,
            "first_name":"Jillian",
            "last_name":"Byrd",
            "email":"jillianbyrd8170@slingacademy.com",
            "phone":"077-635-0084x1647",
            "gender":"female",
            "age":34,
            "job_title":"Web Developer",
            "years_of_experience":10,
            "salary":11000,
            "department":"Product"
        },
        {
            "id":10,
            "first_name":"Melanie",
            "last_name":"Sharp",
            "email":"melaniesharp9256@slingacademy.com",
            "phone":"(848)212-0230",
            "gender":"female",
            "age":41,
            "job_title":"Web Developer",
            "years_of_experience":15,
            "salary":14500,
            "department":"Product"
        },
        {
            "id":11,
            "first_name":"Brandy",
            "last_name":"Mckee",
            "email":"brandymckee10500@slingacademy.com",
            "phone":"001-085-315-6112x464",
            "gender":"female",
            "age":37,
            "job_title":"Web Developer",
            "years_of_experience":14,
            "salary":14000,
            "department":"Product"
        },
        {
            "id":12,
            "first_name":"Robert",
            "last_name":"Simpson",
            "email":"robertsimpson11778@slingacademy.com",
            "phone":"496-469-5331x659",
            "gender":"male",
            "age":36,
            "job_title":"DevOps Engineer",
            "years_of_experience":12,
            "salary":15000,
            "department":"Product"
        },
        {
            "id":13,
            "first_name":"George",
            "last_name":"Mckenzie",
            "email":"georgemckenzie12384@slingacademy.com",
            "phone":"(843)416-2489",
            "gender":"male",
            "age":28,
            "job_title":"Machine Learning Engineer",
            "years_of_experience":4,
            "salary":10000,
            "department":"Product"
        },
        {
            "id":14,
            "first_name":"Joseph",
            "last_name":"Smith",
            "email":"josephsmith13724@slingacademy.com",
            "phone":"+1-380-230-4166",
            "gender":"male",
            "age":40,
            "job_title":"Machine Learning Engineer",
            "years_of_experience":14,
            "salary":14000,
            "department":"Product"
        },
        {
            "id":15,
            "first_name":"Dana",
            "last_name":"Crawford",
            "email":"danacrawford14310@slingacademy.com",
            "phone":"(848)716-0019x0240",
            "gender":"female",
            "age":32,
            "job_title":"Project Manager",
            "years_of_experience":8,
            "salary":12000,
            "department":"Product"
        },
        {
            "id":16,
            "first_name":"Christopher",
            "last_name":"Benson",
            "email":"christopherbenson15937@slingacademy.com",
            "phone":"+1-368-801-2914x8616",
            "gender":"male",
            "age":29,
            "job_title":"Web Developer",
            "years_of_experience":5,
            "salary":7500,
            "department":"Product"
        },
        {
            "id":17,
            "first_name":"Nicole",
            "last_name":"Smith",
            "email":"nicolesmith16360@slingacademy.com",
            "phone":"289.372.5080x2156",
            "gender":"female",
            "age":26,
            "job_title":"Designer",
            "years_of_experience":4,
            "salary":10000,
            "department":"Product"
        },
        {
            "id":18,
            "first_name":"Peter",
            "last_name":"Jimenez",
            "email":"peterjimenez17791@slingacademy.com",
            "phone":"001-535-827-3787x317",
            "gender":"male",
            "age":28,
            "job_title":"Mobile Developer",
            "years_of_experience":3,
            "salary":6500,
            "department":"Product"
        },
        {
            "id":19,
            "first_name":"Sergio",
            "last_name":"Boyle",
            "email":"sergioboyle18425@slingacademy.com",
            "phone":"3027626274",
            "gender":"male",
            "age":31,
            "job_title":"Tester",
            "years_of_experience":6,
            "salary":9000,
            "department":"Product"
        },
        {
            "id":20,
            "first_name":"Brianna",
            "last_name":"Moss",
            "email":"briannamoss19517@slingacademy.com",
            "phone":"+1-529-287-4857x163",
            "gender":"female",
            "age":31,
            "job_title":"Designer",
            "years_of_experience":5,
            "salary":10500,
            "department":"Product"
        },
        {
            "id":21,
            "first_name":"Taylor",
            "last_name":"Garner",
            "email":"taylorgarner20196@slingacademy.com",
            "phone":"931-244-1612x38767",
            "gender":"female",
            "age":32,
            "job_title":"Machine Learning Engineer",
            "years_of_experience":6,
            "salary":11000,
            "department":"Product"
        },
        {
            "id":22,
            "first_name":"Michael",
            "last_name":"Padilla",
            "email":"michaelpadilla21381@slingacademy.com",
            "phone":"(787)446-1738",
            "gender":"male",
            "age":29,
            "job_title":"Tester",
            "years_of_experience":5,
            "salary":9500,
            "department":"Product"
        },
        {
            "id":23,
            "first_name":"Yvette",
            "last_name":"Walker",
            "email":"yvettewalker22744@slingacademy.com",
            "phone":"154-489-0248",
            "gender":"female",
            "age":26,
            "job_title":"Designer",
            "years_of_experience":2,
            "salary":7000,
            "department":"Product"
        },
        {
            "id":24,
            "first_name":"Kristina",
            "last_name":"Pena",
            "email":"kristinapena23750@slingacademy.com",
            "phone":"+1-099-174-5458x294",
            "gender":"female",
            "age":34,
            "job_title":"DevOps Engineer",
            "years_of_experience":11,
            "salary":12500,
            "department":"Product"
        },
        {
            "id":25,
            "first_name":"Vanessa",
            "last_name":"Reynolds",
            "email":"vanessareynolds24710@slingacademy.com",
            "phone":"+1-357-911-9617x44729",
            "gender":"female",
            "age":36,
            "job_title":"Machine Learning Engineer",
            "years_of_experience":10,
            "salary":13000,
            "department":"Product"
        },
        {
            "id":26,
            "first_name":"Robert",
            "last_name":"Suarez",
            "email":"robertsuarez25924@slingacademy.com",
            "phone":"+1-121-053-2698x314",
            "gender":"male",
            "age":33,
            "job_title":"Tester",
            "years_of_experience":9,
            "salary":9500,
            "department":"Product"
        },
        {
            "id":27,
            "first_name":"Tammy",
            "last_name":"Ellis",
            "email":"tammyellis26570@slingacademy.com",
            "phone":"029.476.5817x88014",
            "gender":"female",
            "age":37,
            "job_title":"HR Manager",
            "years_of_experience":14,
            "salary":14000,
            "department":"Human Resource"
        },
        {
            "id":28,
            "first_name":"Rodney",
            "last_name":"Porter",
            "email":"rodneyporter27496@slingacademy.com",
            "phone":"+1-508-187-4826",
            "gender":"male",
            "age":28,
            "job_title":"DevOps Engineer",
            "years_of_experience":3,
            "salary":9500,
            "department":"Product"
        },
        {
            "id":29,
            "first_name":"David",
            "last_name":"Reyes",
            "email":"davidreyes28592@slingacademy.com",
            "phone":"(725)355-0896x3876",
            "gender":"male",
            "age":25,
            "job_title":"Designer",
            "years_of_experience":2,
            "salary":7000,
            "department":"Product"
        },
        {
            "id":30,
            "first_name":"Brian",
            "last_name":"Kirby",
            "email":"briankirby29574@slingacademy.com",
            "phone":"458.110.0220x9710",
            "gender":"male",
            "age":31,
            "job_title":"Machine Learning Engineer",
            "years_of_experience":8,
            "salary":10000,
            "department":"Product"
        },
        {
            "id":31,
            "first_name":"Tammy",
            "last_name":"Walker",
            "email":"tammywalker30386@slingacademy.com",
            "phone":"+1-810-034-9706x602",
            "gender":"female",
            "age":31,
            "job_title":"Web Developer",
            "years_of_experience":7,
            "salary":8500,
            "department":"Product"
        },
        {
            "id":32,
            "first_name":"Angela",
            "last_name":"Stewart",
            "email":"angelastewart31951@slingacademy.com",
            "phone":"745-157-5520",
            "gender":"female",
            "age":34,
            "job_title":"HR Manager",
            "years_of_experience":10,
            "salary":10000,
            "department":"Human Resource"
        },
        {
            "id":33,
            "first_name":"Susan",
            "last_name":"Parker",
            "email":"susanparker32865@slingacademy.com",
            "phone":"255.599.0102",
            "gender":"female",
            "age":25,
            "job_title":"DevOps Engineer",
            "years_of_experience":3,
            "salary":8500,
            "department":"Product"
        },
        {
            "id":34,
            "first_name":"Robert",
            "last_name":"Hogan",
            "email":"roberthogan33599@slingacademy.com",
            "phone":"1138662041",
            "gender":"male",
            "age":24,
            "job_title":"Tester",
            "years_of_experience":2,
            "salary":7000,
            "department":"Product"
        },
        {
            "id":35,
            "first_name":"Dawn",
            "last_name":"Pham",
            "email":"dawnpham34908@slingacademy.com",
            "phone":"(106)836-9118x102",
            "gender":"female",
            "age":27,
            "job_title":"Designer",
            "years_of_experience":4,
            "salary":9000,
            "department":"Product"
        },
        {
            "id":36,
            "first_name":"Karen",
            "last_name":"Duke",
            "email":"karenduke35869@slingacademy.com",
            "phone":"622.245.2756",
            "gender":"female",
            "age":29,
            "job_title":"DevOps Engineer",
            "years_of_experience":6,
            "salary":11000,
            "department":"Product"
        },
        {
            "id":37,
            "first_name":"Julian",
            "last_name":"Thompson",
            "email":"julianthompson36437@slingacademy.com",
            "phone":"392.181.9671x23227",
            "gender":"male",
            "age":28,
            "job_title":"Machine Learning Engineer",
            "years_of_experience":4,
            "salary":7000,
            "department":"Product"
        },
        {
            "id":38,
            "first_name":"Daisy",
            "last_name":"Perry",
            "email":"daisyperry37789@slingacademy.com",
            "phone":"+1-921-685-9612x0086",
            "gender":"female",
            "age":30,
            "job_title":"Tester",
            "years_of_experience":5,
            "salary":9500,
            "department":"Product"
        },
        {
            "id":39,
            "first_name":"Sarah",
            "last_name":"Smith",
            "email":"sarahsmith38793@slingacademy.com",
            "phone":"(110)771-1347x58805",
            "gender":"female",
            "age":24,
            "job_title":"Machine Learning Engineer",
            "years_of_experience":2,
            "salary":6000,
            "department":"Product"
        },
        {
            "id":40,
            "first_name":"Eric",
            "last_name":"Randolph",
            "email":"ericrandolph39291@slingacademy.com",
            "phone":"001-048-278-1814x8904",
            "gender":"male",
            "age":29,
            "job_title":"Designer",
            "years_of_experience":5,
            "salary":8500,
            "department":"Product"
        }    
]